Transaction_DateTime,Transaction_Type,Amount,Transaction_ID
2023-07-23 20:20:02,Make Payment,3924.19,#014OBHLZ3BY
2022-10-19 14:41:16,Cash Out,2496.77,#01LULHBXE29
2023-08-28 10:21:01,Cash In,8596.73,#01D5YEWV50O
2023-05-26 21:14:15,Add Money,8533.53,#01C7WJ6VAGR
2022-11-19 14:42:24,Cash In,1555.76,#01Y55MSA08L
2023-03-25 01:25:08,Cash In,8545.25,#01M5FHNK6O4
2023-01-14 17:17:06,Make Payment,1305.47,#019B1YKI4XQ
2022-10-16 08:42:49,Cash In,931.91,#01QWQ6HABRH
2023-06-16 04:11:37,Cash In,989.29,#0140H1SU4Q6
2022-12-19 21:18:05,Add Money,7046.63,#01QRWNH4SPV
2023-02-20 04:52:38,Add Money,6920.28,#0154JHV6NK3
2023-06-23 11:05:32,Cash In,5202.1,#01DVR1DZZBH
2023-01-22 13:43:17,Cash Out,2434.4,#01KQHPTDSNY
2023-09-26 12:45:01,Cash Out,1378.51,#01JG7I2AL41
2023-07-04 17:35:27,Cash In,5700.94,#018EEWPQEHY
2023-06-18 03:52:21,Pay Bill,3078.83,#01KTFL16UA4
2023-03-18 09:28:10,Cash Out,6807.46,#01KZFBTPFPJ
2022-11-13 11:23:55,Make Payment,2382.19,#01BE6XTQGSW
2022-10-07 22:46:41,Cash In,7952.56,#01DBYBU8BBO
2023-09-20 04:53:58,Cash In,9587.64,#01JXCP8W8WR
2023-08-21 00:09:10,Make Payment,3293.57,#018WZURVTPT
2022-10-08 01:42:40,Cash In,4476.39,#01GQO44G713
2023-06-12 04:12:57,Cash Out,6954.24,#018IT2TBVPD
2023-04-28 14:46:14,Cash In,7274.51,#01C88ID60Q5
2022-12-16 02:30:56,Make Payment,1419.5,#01Q7PII26LN
2023-01-10 17:43:53,Cash In,8381.32,#01G9AZZJLTK
2022-11-20 08:35:28,Land Tax,4252.77,#01IDCC9B69F
2023-01-12 20:15:07,Mobile Recharge,197.31,#01T36YKFOHJ
2023-05-07 06:49:10,Cash Out,4722.67,#01FC5MEGDA7
2023-01-07 22:46:41,Land Tax,4624.46,#01TFBC811QH
2023-09-06 11:28:09,Make Payment,1222.93,#017J8MS3I6J
2023-01-25 21:21:04,Cash In,9015.2,#01DNL62TXB2
2023-07-29 03:08:15,Mobile Recharge,83.93,#015M046883F
2023-02-03 06:24:41,Cash Out,2521.1,#01EN6TTKNVT
2023-05-23 21:34:17,Cash In,2654.98,#01NR8R0ZCQK
2023-08-31 09:28:28,Add Money,219.39,#01VIHOQBSYW
2022-12-15 01:46:02,Cash In,7924.22,#0137HTPX43L
2022-12-07 19:56:04,Cash Out,829.14,#01F0T0V7X6P
2023-08-27 17:10:02,Cash In,8077.45,#01BWFSM6OGQ
2022-12-12 03:08:28,Cash Out,6508.14,#01X10TGR8FC
2023-01-29 13:40:54,Make Payment,1211.98,#011OZSBY0VH
2023-09-20 11:54:54,Donation,149.13,#010QCUFQU29
2023-03-14 09:10:30,Make Payment,2043.01,#01RB7SHYM7I
2022-11-15 00:01:21,Mobile Recharge,151.2,#01VP377QEX5
2023-08-29 08:28:04,Cash In,2340.12,#01FWR65CLHR
2023-07-27 00:50:33,Cash Out,4885.28,#01CTLRCQM0Z
2022-10-05 02:50:27,Cash Out,3894.79,#019A0D4SQ8B
2023-05-28 06:14:19,Request Money,471.32,#01ZKVTYL89V
2023-08-10 06:24:48,Cash In,3896.72,#01BMKN9KB3Q
2023-02-24 14:07:59,Add Money,7992.71,#01R1J6TZZ42
2023-04-02 02:39:47,Cash In,6244.67,#01099QV0UFZ
2023-03-08 09:37:30,Make Payment,851.57,#01N09ZFBW85
2023-05-23 04:08:09,Cash In,5087.84,#013DKAM2IAV
